Workbook

Sheet Sheet1
A3: Row Labels | B3: Sum of total_revenue | C3: Sum of order_count
A4: Bakery | B4: 15410 | C4: 67
A5: Dairy & Eggs | B5: 14090 | C5: 66
A6: Fruits & Vegetables | B6: 9790 | C6: 73
A7: Household Essentials | B7: 21715 | C7: 79
A8: Personal Care | B8: 16382 | C8: 66
A9: Snacks & Beverages | B9: 10895 | C9: 83
A10: Grand Total | B10: 88282 | C10: 434

Sheet Category Targets
A1: category | B1: target_revenue_inr
A2: Fruits & Vegetables | B2: 12000
A3: Dairy & Eggs | B3: 16500
A4: Snacks & Beverages | B4: 13000
A5: Personal Care | B5: 15500
A6: Household Essentials | B6: 17000
A7: Bakery | B7: 12000

Sheet Category Summary
A1: category | B1: total_revenue | C1: target_revenue_inr | D1: variance | E1: percentage_variance | F1: target_status | G1: Matches Part 1 SQL total?
A2: Fruits & Vegetables | B2: =Sheet1!B6 -> 9790 | C2: =_xlfn.XLOOKUP(A2,'Category Targets'!A:A,'Category Targets'!B:B,"Not Found") -> 12000 | D2: =B2-C2 -> -2210 | E2: =((B2-C2)/C2)*100 -> -18.416667 | F2: =IF(B2>=C2,"Above Target",IF((C2-B2)/C2<=15%,"Below Target - Watch","Below Target - Critical")) -> Below Target - Critical | G2: =IF(B2=9790,"Yes","No") -> Yes
A3: Dairy & Eggs | B3: =Sheet1!B5 -> 14090 | C3: =_xlfn.XLOOKUP(A3,'Category Targets'!A:A,'Category Targets'!B:B,"Not Found") -> 16500 | D3: =B3-C3 -> -2410 | E3: =((B3-C3)/C3)*100 -> -14.606061 | F3: =IF(B3>=C3,"Above Target",IF((C3-B3)/C3<=15%,"Below Target - Watch","Below Target - Critical")) -> Below Target - Watch | G3: =IF(B3=14090,"Yes","No") -> Yes
A4: Snacks & Beverages | B4: =Sheet1!B9 -> 10895 | C4: =_xlfn.XLOOKUP(A4,'Category Targets'!A:A,'Category Targets'!B:B,"Not Found") -> 13000 | D4: =B4-C4 -> -2105 | E4: =((B4-C4)/C4)*100 -> -16.192308 | F4: =IF(B4>=C4,"Above Target",IF((C4-B4)/C4<=15%,"Below Target - Watch","Below Target - Critical")) -> Below Target - Critical | G4: =IF(B4=10895,"Yes","No") -> Yes
A5: Personal Care | B5: =Sheet1!B8 -> 16382 | C5: =_xlfn.XLOOKUP(A5,'Category Targets'!A:A,'Category Targets'!B:B,"Not Found") -> 15500 | D5: =B5-C5 -> 882 | E5: =((B5-C5)/C5)*100 -> 5.6903226 | F5: =IF(B5>=C5,"Above Target",IF((C5-B5)/C5<=15%,"Below Target - Watch","Below Target - Critical")) -> Above Target | G5: =IF(B5=16382,"Yes","No") -> Yes
A6: Household Essentials | B6: =Sheet1!B7 -> 21715 | C6: =_xlfn.XLOOKUP(A6,'Category Targets'!A:A,'Category Targets'!B:B,"Not Found") -> 17000 | D6: =B6-C6 -> 4715 | E6: =((B6-C6)/C6)*100 -> 27.735294 | F6: =IF(B6>=C6,"Above Target",IF((C6-B6)/C6<=15%,"Below Target - Watch","Below Target - Critical")) -> Above Target | G6: =IF(B6=21715,"Yes","No") -> Yes
A7: Bakery | B7: =Sheet1!B4 -> 15410 | C7: =_xlfn.XLOOKUP(A7,'Category Targets'!A:A,'Category Targets'!B:B,"Not Found") -> 12000 | D7: =B7-C7 -> 3410 | E7: =((B7-C7)/C7)*100 -> 28.416667 | F7: =IF(B7>=C7,"Above Target",IF((C7-B7)/C7<=15%,"Below Target - Watch","Below Target - Critical")) -> Above Target | G7: =IF(B7=15410,"Yes","No") -> Yes

Sheet monthly_category_revenue
A1: category | B1: month | C1: order_count | D1: total_revenue | E1: avg_revenue
A2: Bakery | B2: 2026-01 | C2: 6 | D2: 735 | E2: 122.5
A3: Bakery | B3: 2026-02 | C3: 8 | D3: 2440 | E3: 305
A4: Bakery | B4: 2026-03 | C4: 11 | D4: 3090 | E4: 280.90909090909093
A5: Bakery | B5: 2026-04 | C5: 13 | D5: 3115 | E5: 239.6153846153846
A6: Bakery | B6: 2026-05 | C6: 15 | D6: 3695 | E6: 246.33333333333334
A7: Bakery | B7: 2026-06 | C7: 14 | D7: 2335 | E7: 166.78571428571428
A8: Dairy & Eggs | B8: 2026-01 | C8: 9 | D8: 2035 | E8: 226.11111111111111
A9: Dairy & Eggs | B9: 2026-02 | C9: 8 | D9: 1935 | E9: 241.875
A10: Dairy & Eggs | B10: 2026-03 | C10: 15 | D10: 3163 | E10: 210.86666666666667
A11: Dairy & Eggs | B11: 2026-04 | C11: 9 | D11: 1650 | E11: 183.33333333333334
A12: Dairy & Eggs | B12: 2026-05 | C12: 14 | D12: 3479 | E12: 248.5
A13: Dairy & Eggs | B13: 2026-06 | C13: 11 | D13: 1828 | E13: 166.1818181818182
A14: Fruits & Vegetables | B14: 2026-01 | C14: 12 | D14: 1290 | E14: 107.5
A15: Fruits & Vegetables | B15: 2026-02 | C15: 13 | D15: 2090 | E15: 160.76923076923077
A16: Fruits & Vegetables | B16: 2026-03 | C16: 13 | D16: 2080 | E16: 160
A17: Fruits & Vegetables | B17: 2026-04 | C17: 14 | D17: 1400 | E17: 100
A18: Fruits & Vegetables | B18: 2026-05 | C18: 12 | D18: 1870 | E18: 155.83333333333334
A19: Fruits & Vegetables | B19: 2026-06 | C19: 9 | D19: 1060 | E19: 117.77777777777777
A20: Household Essentials | B20: 2026-01 | C20: 10 | D20: 2099 | E20: 209.9
A21: Household Essentials | B21: 2026-02 | C21: 16 | D21: 5113 | E21: 319.5625
A22: Household Essentials | B22: 2026-03 | C22: 8 | D22: 1885 | E22: 235.625
A23: Household Essentials | B23: 2026-04 | C23: 17 | D23: 5491 | E23: 323
A24: Household Essentials | B24: 2026-05 | C24: 16 | D24: 3477 | E24: 217.3125
A25: Household Essentials | B25: 2026-06 | C25: 12 | D25: 3650 | E25: 304.1666666666667
A26: Personal Care | B26: 2026-01 | C26: 12 | D26: 3608 | E26: 300.6666666666667
A27: Personal Care | B27: 2026-02 | C27: 8 | D27: 2177 | E27: 272.125
A28: Personal Care | B28: 2026-03 | C28: 11 | D28: 2807 | E28: 255.1818181818182
A29: Personal Care | B29: 2026-04 | C29: 9 | D29: 1970 | E29: 218.88888888888889
A30: Personal Care | B30: 2026-05 | C30: 13 | D30: 3045 | E30: 234.23076923076923
A31: Personal Care | B31: 2026-06 | C31: 13 | D31: 2775 | E31: 213.46153846153845
A32: Snacks & Beverages | B32: 2026-01 | C32: 10 | D32: 1290 | E32: 129
A33: Snacks & Beverages | B33: 2026-02 | C33: 11 | D33: 1330 | E33: 120.9090909090909
A34: Snacks & Beverages | B34: 2026-03 | C34: 15 | D34: 1670 | E34: 111.33333333333333
A35: Snacks & Beverages | B35: 2026-04 | C35: 19 | D35: 2980 | E35: 156.8421052631579
A36: Snacks & Beverages | B36: 2026-05 | C36: 13 | D36: 1665 | E36: 128.07692307692307
A37: Snacks & Beverages | B37: 2026-06 | C37: 15 | D37: 1960 | E37: 130.66666666666666
